"codigo","nome","grupoSmm"
"100","PATRIMÔNIO DE REFERÊNCIA (PR)","PR"
"101","PATRIMÔNIO DE REFERÊNCIA PARA COMPARAÇÃO COM O RWA","PR"
"102","PATRIMÔNIO DE REFERÊNCIA PARA O LIMITE DE IMOBILIZAÇÃO (PR_LI)","PR"
"103","PATRIMÔNIO DE REFERÊNCIA NÍVEL I PARA COMPARAÇÃO COM RWA","PR"
"104","CAPITAL PRINCIPAL PARA COMPARAÇÃO COM RWA","PR"
"105","(-) EXCESSO DOS RECURSOS APLICADOS NO ATIVO PERMANENTE","PR"
"107","CAPITAL DESTACADO PARA OPERAÇÕES COM O SETOR PÚBLICO","PR"
"108","PATRIMÔNIO DE REFERÊNCIA DE NÍVEL I AJUSTADO PARA O CÁLCULO DA RA","PR"
"109","PATRIMÔNIO DE REFERÊNCIA  PARA OUTROS LIMITES OPERACIONAIS (PR)","PR"
"110","PATRIMÔNIO DE REFERÊNCIA NÍVEL I (PR_I)","PR"
"111","CAPITAL PRINCIPAL - CP","PR"
"111.01","CAPITAL SOCIAL","PR"
"111.02","RESERVAS DE CAPITAL, REAVALIAÇÃO E DE LUCROS","PR"
"111.03","GANHOS NÃO REALIZADOS DE AJUSTES DE AVALIAÇÃO PATRIMONIAL EXCETO DE HEDGE DE FLUXO DE CAIXA","PR"
"111.04","SOBRAS OU LUCROS ACUMULADOS","PR"
"111.05","CONTAS DE RESULTADO CREDORAS","PR"
"111.06","DEPÓSITO PARA SUFICIÊNCIA DE CAPITAL","PR"
"111.07","AJUSTES POSITIVOS AO VALOR DE MERCADO DE DERIVATIVOS","PR"
"111.08","OUTROS INSTRUMENTOS ELEGÍVEIS AO CAPITAL PRINCIPAL","PR"
"111.09","AJUSTES POSITIVOS AO VALOR DE MERCADO DE DERIVATIVOS REGISTRADOS NO PASSIVO","PR"
"111.91","DEDUÇÕES DO CAPITAL PRINCIPAL EXCETO AJUSTES PRUDENCIAIS","PR"
"111.91.01","PERDAS NÃO REALIZADAS - AVALIAÇÃO PATRIMONIAL E TVM","PR"
"111.91.02","AÇÕES EM TESOURARIA E OUTROS INSTRUMENTOS DE EMISSÃO PRÓPRIA","PR"
"111.91.02.01","AÇÕES EM TESOURARIA E OUTROS INSTRUMENTOS DE EMISSÃO PRÓPRIA   VALORES BRUTOS","PR"
"111.91.02.90","AÇÕES EM TESOURARIA E OUTROS INSTRUMENTOS DE EMISSÃO PRÓPRIA   POSIÇÃO VENDIDA","PR"
"111.91.03","PERDAS OU PREJUÍZOS ACUMULADOS","PR"
"111.91.04","CONTAS DE RESULTADO DEVEDORAS","PR"
"111.91.05","AJUSTES NEGATIVOS AO VALOR DE MERCADO DE DERIVATIVOS","PR"
"111.91.06","AÇÕES DO CONGLOMERADO OBJETO DE FINANCIAMENTO DE ENTIDADES DO CONGLOMERADO","PR"
"111.91.07","AÇÕES DO CONGLOMERADO EMITIDAS COM EXPECTATIVA DE RESGATE, REEMBOLSO, AMORTIZAÇÃO, RECOMPRA OU CANCELAMENTO","PR"
"111.91.08","OUTRAS DEDUÇÕES DO CAPITAL","PR"
"111.91.09","AJUSTES NEGATIVOS AO VALOR DE MERCADO DE DERIVATIVOS REGISTRADOS NO PASSIVO","PR"
"111.92","AJUSTES PRUDENCIAIS EXCETO PARTICIPAÇÕES NÃO CONSOLIDADAS E CRÉDITO TRIBUTÁRIO","PR"
"111.92.01","AJUSTE PRUDENCIAL I - ÁGIOS PAGOS","PR"
"111.92.02","AJUSTE PRUDENCIAL II - ATIVOS INTANGÍVEIS","PR"
"111.92.03","AJUSTE PRUDENCIAL III - ATIVOS ATUARIAIS","PR"
"111.92.04","AJUSTE PRUDENCIAL VI - NÃO CONTROLADORES","PR"
"111.92.06","AJUSTE PRUDENCIAL VIII - CRÉDITOS TRIBUTÁRIOS DE PREJUÍZO FISCAL E RELACIONADOS À CSLL","PR"
"111.92.06.01.01.01","TOTAL DE CRÉDITOS TRIBUTÁRIOS DE PREJUÍZO FISCAL E RELACIONADOS À CSLL","PR"
"111.92.06.01.01.90","OBRIGAÇÕES FISCAIS DIFERIDAS COMPENSADAS COM CRÉDITOS TRIBUTÁRIOS DE PREJUÍZO FISCAL/CSLL","PR"
"111.92.06.03","CRÉDITO TRIBUTÁRIO DE PREJUÍZO FISCAL NÃO DEDUZIDO DO CAPITAL - HEDGE DE INVESTIMENTOS","PR"
"111.92.06.03.01","VALOR TOTAL DO CRÉDITO TRIBUTÁRIO DE PREJUÍZO FISCAL - HEDGE DE INVESTIMENTOS","PR"
"111.92.06.03.01.03","ESTOQUE DO CRÉDITO TRIBUTÁRIO DE PREJUÍZO FISCAL - DEZ/17 - HEDGE DE INVESTIMENTOS","PR"
"111.92.06.03.02","VALOR TOTAL DO CRÉDITO TRIBUTÁRIO DE PREJUÍZO FISCAL DEDUZIDO DO CAPITAL - HEDGE DE","PR"
"111.92.09","AJUSTE PRUDENCIAL - PARTICIPAÇÃO NO EXTERIOR OU NÃO IF SEM ACESSO BC","PR"
"111.92.09.01","INVESTIMENTO","PR"
"111.92.09.02","DETERMINAÇÃO BC","PR"
"111.92.10","AJUSTE PRUDENCIAL - DIFERENÇA A MENOR - MODELO INTERNO IRB","PR"
"111.92.11","AJUSTE PRUDENCIAL   PARTICIPAÇÃO DE NÃO CONTROLADORES EM SUBSIDIÁRIAS NÃO AUTORIZADAS PELO BCB","PR"
"111.92.12","AJUSTE PRUDENCIAL XV - DIFERENÇA A MENOR - AJUSTES DA RESOLUÇÃO 4.277/13","PR"
"111.92.12.01","AJUSTE PRUDENCIAL XV   ITENS CONSIDERADOS EXPOSIÇÃO SEGUNDO RESOLUÇÃO BCB 229/2022","PR"
"111.92.12.02","AJUSTE PRUDENCIAL XV   ITENS NÃO CONSIDERADOS EXPOSIÇÃO SEGUNDO RESOLUÇÃO BCB 229/2022","PR"
"111.92.14","AQUISIÇÕES RECÍPROCAS DE INSTRUMENTOS DE CAPITAL PRINCIPAL","PR"
"111.93","AJUSTE PRUDENCIAL IV - INVESTIMENTOS NÃO SIGNIFICATIVOS","PR"
"111.93.01","TOTAL DE INVESTIMENTOS NÃO SIGNIFICATIVOS LÍQUIDOS EM ASSEMELHADAS","PR"
"111.93.01.01","INVESTIMENTOS NÃO SIGNIFICATIVOS EM ASSEMELHADAS BRUTOS DE COMPENSAÇÃO","PR"
"111.93.01.90","INVESTIMENTOS NÃO SIGNIFICATIVOS EM ASSEMELHADAS   POSIÇÃO VENDIDA","PR"
"111.93.02","LIMITE NÃO DEDUTÍVEL PARA INVESTIMENTOS NÃO SIGNIFICATIVOS EM ASSEMELHADAS E EM INSTITUIÇÕES FINANCEIRAS","PR"
"111.93.02.01","CAPITAL PRINCIPAL ANTES DOS AJUSTES DAS CONTAS 111.93, 111.94 E 111.95","PR"
"111.93.03","TOTAL DE INVESTIMENTOS NÃO SIGNIFICATIVOS EM INSTITUIÇÕES FINANCEIRAS - POSIÇÃO LÍQUIDA","PR"
"111.93.03.01","TOTAL DE INVESTIMENTOS NÃO SIGNIFICATIVOS EM INSTITUIÇÕES FINANCEIRAS - POSIÇÃO BRUTA","PR"
"111.93.03.90","INVESTIMENTOS NÃO SIGNIFICATIVOS EM INSTITUIÇÕES FINANCEIRAS   POSIÇÃO VENDIDA","PR"
"111.93.04","TOTAL DE INVESTIMENTOS NÃO SIGNIFICATIVOS EM INSTITUIÇÕES FINANCEIRAS - POSIÇÃO LÍQUIDA - CAPITAL COMPLEMENTAR","PR"
"111.93.04.01","TOTAL DE INVESTIMENTOS NÃO SIGNIFICATIVOS EM INSTITUIÇÕES FINANCEIRAS   POSIÇÃO BRUTA - CAPITAL COMPLEMENTAR","PR"
"111.93.04.90","INVESTIMENTOS NÃO SIGNIFICATIVOS EM INSTITUIÇÕES FINANCEIRAS   POSIÇÃO VENDIDA - CAPITAL COMPLEMENTAR","PR"
"111.93.05","TOTAL DE INVESTIMENTOS NÃO SIGNIFICATIVOS EM INSTITUIÇÕES FINANCEIRAS - POSIÇÃO LÍQUIDA - CAPITAL DE NÍVEL II","PR"
"111.93.05.01","TOTAL DE INVESTIMENTOS NÃO SIGNIFICATIVOS EM INSTITUIÇÕES FINANCEIRAS - POSIÇÃO BRUTA - CAPITAL DE NÍVEL II","PR"
"111.93.05.90","INVESTIMENTOS NÃO SIGNIFICATIVOS EM INSTITUIÇÕES FINANCEIRAS   POSIÇÃO VENDIDA - CAPITAL DE NÍVEL II","PR"
"111.93.06","TOTAL DE INVESTIMENTOS NÃO SIGNIFICATIVOS EM INSTITUIÇÕES FINANCEIRAS - POSIÇÃO LÍQUIDA - OUTROS INSTRUMENTOS","PR"
"111.93.06.01","TOTAL DE INVESTIMENTOS NÃO SIGNIFICATIVOS EM INSTITUIÇÕES FINANCEIRAS - POSIÇÃO BRUTA - OUTROS INSTRUMENTOS","PR"
"111.93.06.90","INVESTIMENTOS NÃO SIGNIFICATIVOS EM INSTITUIÇÕES FINANCEIRAS   POSIÇÃO VENDIDA - OUTROS INSTRUMENTOS","PR"
"111.94","AJUSTES PRUDENCIAIS -  INVESTIMENTOS SIGNIFICATIVOS E CRÉDITOS TRIBUTÁRIOS","PR"
"111.94.06","AJUSTE PRUDENCIAL - INVESTIMENTOS SIGNIFICATIVOS EM ASSEMELHADAS","PR"
"111.94.06.01","AJUSTE PRUDENCIAL - INVESTIMENTOS SIGNIFICATIVOS EM ASSEMELHADAS - EXCEDENTE A 10% DA CONTA 111.94.09.05","PR"
"111.94.06.01.01","TOTAL DE INVESTIMENTOS SIGNIFICATIVOS EM ASSEMELHADAS - POSIÇÃO LÍQUIDA","PR"
"111.94.06.01.01.01","INVESTIMENTOS SIGNIFICATIVOS EM ASSEMELHADAS - BRUTOS DE COMPENSAÇÃO","PR"
"111.94.06.01.01.90","INVESTIMENTOS SIGNIFICATIVOS EM ASSEMELHADAS - POSIÇÃO VENDIDA","PR"
"111.94.06.02","AJUSTE PRUDENCIAL - INVESTIMENTOS SIGNIFICATIVOS EM ASSEMELHADAS - EFEITO CONJUGADO - 15% CP","PR"
"111.94.06.03","VALOR DOS INVESTIMENTOS EM ASSEMELHADAS NÃO DEDUZIDO","PR"
"111.94.07","AJUSTE PRUDENCIAL - INVESTIMENTOS SIGNIFICATIVOS EM INSTITUIÇÕES FINANCEIRAS","PR"
"111.94.07.01","AJUSTE PRUDENCIAL - INVESTIMENTOS SIGNIFICATIVOS EM INSTITUIÇÕES FINANCEIRAS - EXCEDENTE A 10% DA CONTA 111.94.09.05","PR"
"111.94.07.01.01","TOTAL DE INVESTIMENTOS SIGNIFICATIVOS EM INSTITUIÇÕES FINANCEIRAS - POSIÇÃO LÍQUIDA","PR"
"111.94.07.01.01.01","INVESTIMENTOS SIGNIFICATIVOS EM INSTITUIÇÕES FINANCEIRAS - BRUTOS DE COMPENSAÇÃO","PR"
"111.94.07.01.01.90","INVESTIMENTOS SIGNIFICATIVOS EM INSTITUIÇÕES FINANCEIRAS - POSIÇÃO VENDIDA","PR"
"111.94.07.02","AJUSTE PRUDENCIAL - INVESTIMENTOS SIGNIFICATIVOS EM INSTITUIÇÕES FINANCEIRAS - EFEITO CONJUGADO - 15% CP","PR"
"111.94.07.03","INVESTIMENTOS EM INSTITUIÇÕES FINANCEIRAS NÃO DEDUZIDO","PR"
"111.94.08","AJUSTE PRUDENCIAL - CRÉDITOS TRIBUTÁRIOS DE DIFERENÇA TEMPORÁRIA","PR"
"111.94.08.01","AJUSTE PRUDENCIAL - CRÉDITOS TRIBUTÁRIOS DE DIFERENÇA TEMPORÁRIA - EXCEDENTE A 10% DA CONTA 111.94.09.05","PR"
"111.94.08.02","AJUSTE PRUDENCIAL - CRÉDITOS TRIBUTÁRIOS DE DIFERENÇA TEMPORÁRIA - EFEITO CONJUGADO - 15% CP","PR"
"111.94.08.03","VALOR DOS CRÉDITOS TRIBUTÁRIOS DE DIFERENÇA TEMPORÁRIA NÃO DEDUZIDO","PR"
"111.94.09.01","AUXILIAR - AJUSTE COMPLEMENTAR CONJUGADO DECORRENTE DO LIMITE DE 15% DO CAPITAL PRINCIPAL","PR"
"111.94.09.02","AUXILIAR - SOMA DOS VALORES DEDUZIDOS EXCEDENTES A 10% DA CONTA 111.94.09.05","PR"
"111.94.09.03","AUXILIAR - SOMA DOS VALORES NÃO DEDUZIDOS INFERIORES A 10% DA CONTA 111.94.09.05","PR"
"111.94.09.04","AUXILIAR - TOTAL DE DEDUÇÕES DE INVESTIMENTOS EM ASSEMELHADAS E INSTITUIÇÕES FINANCEIRAS RELATIVAMENTE AOS 10% DA CONTA 111.94.09.05","PR"
"111.94.09.05","CAPITAL PRINCIPAL ANTES DOS AJUSTES DAS CONTAS 111.94 E 111.95","PR"
"111.94.10","TOTAL DE CRÉDITOS TRIBUTÁRIOS DECORRENTES DE DIFERENÇAS TEMPORÁRIAS LÍQUIDOS DE OBRIGAÇÕES FISCAIS","PR"
"111.94.10.01","TOTAL DE CRÉDITOS TRIBUTÁRIOS DECORRENTES DE DIFERENÇAS TEMPORÁRIAS","PR"
"111.94.10.90","OBRIGAÇÕES FISCAIS DIFERIDAS PASSÍVEIS DE COMPENSAÇÃO","PR"
"111.94.10.90.01","TOTAL DE OBRIGAÇÕES FISCAIS DIFERIDAS","PR"
"111.94.10.90.90","OBRIGAÇÕES FISCAIS DIFERIDAS DECORRENTES DE ÁGIOS PAGOS","PR"
"111.94.10.90.91","OBRIGAÇÕES FISCAIS DIFERIDAS DECORRENTES DE ATIVOS ATUARIAIS RELACIONADOS A FUNDOS DE PENSÃO DE BENEFÍCIO DEFINIDO","PR"
"111.94.10.90.92","OBRIGAÇÕES FISCAIS DIFERIDAS NÃO COMPENSÁVEIS POR AUTORIDADE RELEVANTE EM CADA PAÍS","PR"
"111.94.10.90.93","OBRIGAÇÕES FISCAIS DIFERIDAS COMPENSADAS COM CRÉDITOS TRIBUTÁRIOS DE PREJUÍZO FISCAL/CSLL","PR"
"111.94.10.99","CRÉDITOS TRIBUTÁRIOS DECORRENTES DE DIFERENÇAS TEMPORÁRIAS QUE NÃO DEPENDEM DE GERAÇÃO FUTURA DE LUCROS OU RECEITAS PARA REALIZAÇÃO","PR"
"111.95","EXCESSO DE DEDUÇÃO DE INVESTIMENTOS NO CAPITAL COMPLEMENTAR","PR"
"112","CAPITAL COMPLEMENTAR - CC","PR"
"112.01","INSTRUMENTOS ELEGÍVEIS AO CAPITAL COMPLEMENTAR","PR"
"112.90","AÇÕES EM TESOURARIA A SEREM DEDUZIDAS DO CAPITAL COMPLEMENTAR","PR"
"112.90.01","INSTRUMENTOS ELEGÍVEIS AO CAPITAL COMPLEMENTAR","PR"
"112.90.03","AÇÕES DE EMISSÃO PRÓPRIA ADQUIRIDAS INDIRETAMENTE OU DE FORMA SINTÉTICA","PR"
"112.91","PARTICIPAÇÕES DE NÃO CONTROLADORES","PR"
"112.93","INVESTIMENTO EM OUTRAS ENTIDADES DEDUZIDO DO CAPITAL COMPLEMENTAR","PR"
"112.93.05","EXCESSO DE DEDUÇÃO DE INVESTIMENTO EM OUTRAS ENTIDADES NO CAPITAL COMPLEMENTAR A SER DEDUZIDO DO CAPITAL PRINCIPAL","PR"
"112.93.05.01","LIMITE DE DEDUÇÃO DE INVESTIMENTOS NO CAPITAL COMPLEMENTAR","PR"
"112.93.06","AJUSTE PRUDENCIAL - INVESTIMENTOS NÃO SIGNIFICATIVOS - CAPITAL COMPLEMENTAR","PR"
"112.93.07","AJUSTE PRUDENCIAL - INVESTIMENTOS SIGNIFICATIVOS - CAPITAL COMPLEMENTAR - POSIÇÃO LÍQUIDA","PR"
"112.93.07.01","AJUSTE PRUDENCIAL - INVESTIMENTOS SIGNIFICATIVOS - CAPITAL COMPLEMENTAR - POSIÇÃO BRUTA DE COMPENSAÇÃO","PR"
"112.93.07.90","AJUSTE PRUDENCIAL - INVESTIMENTOS SIGNIFICATIVOS - CAPITAL COMPLEMENTAR - POSIÇÃO VENDIDA","PR"
"112.93.08","AQUISIÇÕES RECÍPROCAS  DE INSTRUMENTOS DE CAPITAL COMPLEMENTAR","PR"
"112.93.09","EXCESSO DE DEDUÇÃO DE INVESTIMENTO EM OUTRAS ENTIDADES NO NÍVEL II","PR"
"120","PATRIMÔNIO DE REFERÊNCIA NÍVEL II","PR"
"120.01","INSTRUMENTOS ELEGÍVEIS AO NÍVEL II","PR"
"120.01.01","AUTORIZADOS EM CONFORMIDADE COM A RESOLUÇÃO CMN 4.955","PR"
"120.01.03","FUNDOS CONSTITUCIONAIS AUTORIZADOS A COMPOR O NÍVEL II","PR"
"120.01.03.01","FUNDOS CONSTITUCIONAIS AUTORIZADOS A COMPOR O NÍVEL II   VALOR ATUAL","PR"
"120.01.03.02","FUNDOS CONSTITUCIONAIS AUTORIZADOS A COMPOR O NÍVEL II ATÉ 30/06/2018   VALOR EM 30/06/2018 - COM LIMITADOR","PR"
"120.02","DIFERENÇA ENTRE VALOR PROVISIONADO E PERDA ESPERADA NA ABORDAGEM IRB LIMITADA A 0,6% DO","PR"
"120.02.01","DIFERENÇA ENTRE VALOR PROVISIONADO E PERDA ESPERADA NA ABORDAGEM IRB","PR"
"120.02.02","LIMITADOR DA PARCELA CORRESPONDENTE A 0,6% DO RWACIRB","PR"
"120.90","AÇÕES EM TESOURARIA A SEREM DEDUZIDAS DO NÍVEL II","PR"
"120.90.01","INSTRUMENTOS ELEGÍVEIS AUTORIZADOS EM CONFORMIDADE COM A RESOLUÇÃO CMN 4.955","PR"
"120.90.03","AÇÕES DE EMISSÃO PRÓPRIA ADQUIRIDAS INDIRETAMENTE OU DE FORMA SINTÉTICA","PR"
"120.91","PARTICIPAÇÕES DE NÃO CONTROLADORES NO NÍVEL II","PR"
"120.92","INVESTIMENTO EM OUTRAS ENTIDADES DEDUZIDO DO NÍVEL II","PR"
"120.92.05","EXCESSO DE DEDUÇÃO DE INVESTIMENTO EM OUTRAS ENTIDADES NO NÍVEL II","PR"
"120.92.05.01","LIMITE DE DEDUÇÃO DE INVESTIMENTOS NO NÍVEL II","PR"
"120.92.07","AJUSTE PRUDENCIAL - INVESTIMENTOS NÃO SIGNIFICATIVOS - NÍVEL II OU OUTROS INSTRUMENTOS","PR"
"120.92.08","AJUSTE PRUDENCIAL - INVESTIMENTOS  SIGNIFICATIVOS - NÍVEL II - POSIÇÃO LÍQUIDA","PR"
"120.92.08.01","AJUSTE PRUDENCIAL - INVESTIMENTOS  SIGNIFICATIVOS - NÍVEL II - BRUTOS DE COMPENSAÇÃO","PR"
"120.92.08.90","AJUSTE PRUDENCIAL - INVESTIMENTOS  SIGNIFICATIVOS - NÍVEL II - POSIÇÃO VENDIDA","PR"
"120.92.09","AJUSTE PRUDENCIAL - INVESTIMENTOS SIGNIFICATIVOS - OUTROS INSTRUMENTOS","PR"
"120.92.09.01","AJUSTE PRUDENCIAL - INVESTIMENTOS SIGNIFICATIVOS - OUTROS INSTRUMENTOS - POSIÇÃO BRUTA DE COMPENSAÇÃO","PR"
"120.92.09.90","AJUSTE PRUDENCIAL - INVESTIMENTOS SIGNIFICATIVOS - OUTROS INSTRUMENTOS - POSIÇÃO VENDIDA","PR"
"120.92.10","AQUISIÇÕES RECÍPROCAS  DE INSTRUMENTOS DE NÍVEL II","PR"
"140","RAZÃO DE ALAVANCAGEM (RA)","RA"
"140.10","LIMITE DE RAZÃO DE ALAVANCAGEM - LRA","RA"
"141","EXPOSIÇÃO TOTAL","RA"
"142","ITENS PATRIMONIAIS, EXCETO DERIVATIVOS, TVM RECEBIDOS POR EMPRÉSTIMOS E REVENDA A LIQUIDAR EM OPERAÇÕES COMPROMISSADAS","RA"
"142.01","DISPONIBILIDADES","RA"
"142.02","APLICAÇÕES INTERFINANCEIRAS DE LIQUIDEZ","RA"
"142.02.01","APLICAÇÕES INTERFINANCEIRAS DE LIQUIDEZ","RA"
"142.02.02","APLICAÇÕES INTERFINANCEIRAS DE LIQUIDEZ VINCULADAS","RA"
"142.03","TÍTULOS E VALORES MOBILIÁRIOS","RA"
"142.03.01","TÍTULOS E VALORES MOBILIÁRIOS","RA"
"142.03.02","TÍTULOS DE SECURITIZAÇÃO COM RETENÇÃO SUBSTANCIAL DE RISCOS","RA"
"142.03.03","COTAS DE FUNDOS DE INVESTIMENTO","RA"
"142.03.04","COTAS DE FUNDOS DE INVESTIMENTO","RA"
"142.03.05","PROVISÕES MATEMÁTICAS DE BENEFÍCIOS A CONCEDER RELACIONADAS A COTAS DE FUNDOS DE INVESTIMENTO ESPECIALMENTE CONSTITUÍDOS","RA"
"142.03.06","TÍTULOS E VALORES MOBILIÁRIOS VINCULADOS","RA"
"142.04","ADIANTAMENTOS CONCEDIDOS NÃO REGISTRADOS NO ATIVO","RA"
"142.05","RELAÇÕES INTERFINANCEIRAS","RA"
"142.05.01","RELAÇÕES INTERFINANCEIRAS","RA"
"142.05.02","COMPENSAÇÃO DE CHEQUES DEPOSITADOS EM CONTAS DE CLIENTES","RA"
"142.05.03","RELAÇÕES INTERFINANCEIRAS  OPERAÇÕES ATIVAS VINCULADAS","RA"
"142.06","OPERAÇÕES DE CRÉDITO","RA"
"142.06.01","OPERAÇÕES DE CRÉDITO","RA"
"142.06.02","OPERAÇÕES DE CRÉDITO VINCULADAS","RA"
"142.06.03","OPERAÇÕES DE CRÉDITO COM O SETOR PÚBLICO ORIUNDAS DE CAPITAL DESTACADO","RA"
"142.06.04","PARCELA DAS OPERAÇÕES DE CRÉDITO ABRANGIDAS PELOS PROGRAMAS EMERGENCIAIS DE SUPORTE A EMPREGOS E DE ACESSO AO CRÉDITO","RA"
"142.07","ARRENDAMENTO MERCANTIL","RA"
"142.07.01","OPERAÇÕES DE ARRENDAMENTO MERCANTIL","RA"
"142.07.02","OPERAÇÕES DE ARRENDAMENTO MERCANTIL VINCULADAS","RA"
"142.08","OUTROS CRÉDITOS","RA"
"142.09","OUTROS VALORES E BENS","RA"
"142.10","ATIVO PERMANENTE","RA"
"142.11","GARANTIA DEPOSITADA EM SISTEMAS DE LIQUIDAÇÃO DE CÂMARAS OU PRESTADORES DE SERVIÇOS DE COMPENSAÇÃO E LIQUIDAÇÃO","RA"
"143","AJUSTES PRUDENCIAIS BRUTOS DE PASSIVOS FISCAIS DIFERIDOS","RA"
"144","OPERAÇÕES COM INSTRUMENTOS FINANCEIROS DERIVATIVOS","RA"
"144.01","VALOR DE REPOSIÇÃO EM OPERAÇÕES COM DERIVATIVOS","RA"
"144.01.01","DERIVATIVOS FINANCEIROS  VALOR DE REPOSIÇÃO - SEM ACORDO DE COMPENSAÇÃO","RA"
"144.01.02","DERIVATIVOS DE CRÉDITO  VALOR DE REPOSIÇÃO - SEM ACORDO DE COMPENSAÇÃO","RA"
"144.01.03","ACORDO DE COMPENSAÇÃO  DERIVATIVOS  VALOR DE REPOSIÇAO","RA"
"144.01.04","MARGEM DE GARANTIA DIÁRIA RECEBIDA","RA"
"144.02","GANHO POTENCIAL FUTURO DECORRENTE DE OPERAÇÕES COM DERIVATIVOS","RA"
"144.02.01","DERIVATIVOS FINANCEIROS  GANHO POTENCIAL FUTURO  SEM ACORDO DE COMPENSAÇÃO","RA"
"144.02.02","DERIVATIVOS DE CRÉDITO  GANHO POTENCIAL FUTURO  SEM ACORDO DE COMPENSAÇÃO","RA"
"144.02.03","ACORDO DE COMPENSAÇÃO  DERIVATIVOS  GANHO POTENCIAL FUTURO","RA"
"144.03","MARGEM DE GARANTIA DIÁRIA PRESTADA","RA"
"144.04","DERIVATIVOS EM NOME DE CLIENTES","RA"
"144.04.01","DERIVATIVOS FINANCEIROS  VALOR DE REPOSIÇÃO  REALIZADAS EM NOME DE CLIENTES SEM ACORDO DE COMPENSAÇÃO","RA"
"144.04.02","DERIVATIVOS FINANCEIROS  GANHO POTENCIAL FUTURO  REALIZADAS EM NOME DE CLIENTES SEM ACORDO DE COMPENSAÇÃO","RA"
"144.04.03","DERIVATIVOS DE CRÉDITO  VALOR DE REPOSIÇÃO  REALIZADOS EM NOME DE CLIENTES SEM ACORDO DE COMPENSAÇÃO","RA"
"144.04.04","DERIVATIVOS DE CRÉDITO  GANHO POTENCIAL FUTURO  REALIZADOS EM NOME DE CLIENTES SEM ACORDO DE COMPENSAÇÃO","RA"
"144.04.05","DERIVATIVOS DE CRÉDITO  VALOR DE REFERÊNCIA AJUSTADO  REALIZADAS EM NOME DE CLIENTES","RA"
"144.04.06","DERIVATIVOS  VALOR DE REPOSIÇÃO  REALIZADAS EM NOME DE CLIENTES COM ACORDO DE COMPENSAÇÃO","RA"
"144.04.07","DERIVATIVOS  GANHO POTENCIAL FUTURO  REALIZADAS EM NOME DE CLIENTES COM ACORDO DE COMPENSAÇÃO","RA"
"144.05","VALOR DE REFERÊNCIA AJUSTADO EM DERIVATIVOS DE CRÉDITO","RA"
"144.06","AJUSTE SOB O VALOR DE REFERÊNCIA AJUSTADO EM DERIVATIVOS DE CRÉDITO","RA"
"145","OPERAÇÕES COMPROMISSADAS E DE EMPRÉSTIMOS DE TÍTULOS E VALORES MOBILIÁRIOS (TVM)","RA"
"145.01","APLICAÇÕES EM OPERAÇÕES COMPROMISSADAS E DE EMPRÉSTIMOS DE TVM","RA"
"145.01.01","OPERAÇÕES COMPROMISSADAS  REVENDA A LIQUIDAR","RA"
"145.01.02","TVM RECEBIDOS POR EMPRÉSTIMOS","RA"
"145.02","AJUSTE RELATIVO A RECOMPRAS A LIQUIDAR E CREDORES POR EMPRÉSTIMOS DE TVM","RA"
"145.02.01","RECOMPRAS A LIQUIDAR","RA"
"145.02.02","TVM CEDIDOS POR EMPRÉSTIMO","RA"
"145.03","VALOR RELATIVO AO RISCO DE CRÉDITO DA CONTRAPARTE","RA"
"145.03.01","RISCO DE CRÉDITO DA CONTRAPARTE  COMPRA COM COMPROMISSO DE REVENDA","RA"
"145.03.02","RISCO DE CRÉDITO DA CONTRAPARTE  VENDA COM COMPROMISSO DE RECOMPRA","RA"
"145.03.03","RISCO DE CRÉDITO DA CONTRAPARTE  OPERAÇÃO DE EMPRÉSTIMO DE TVM - CEDENTE","RA"
"145.03.04","RISCO DE CRÉDITO DA CONTRAPARTE  OPERAÇÃO DE EMPRÉSTIMO DE TVM - RECEPTORA","RA"
"145.03.05","RISCO DE CRÉDITO DA CONTRAPARTE  COM ACORDO DE COMPENSAÇÃO","RA"
"145.03.06","RISCO DE CRÉDITO DA CONTRAPARTE   COMPRA COM COMPROMISSO DE REVENDA   CONTA
AUXILIAR","RA"
"145.04","VALOR RELATIVO AO RISCO DE CRÉDITO DA CONTRAPARTE EM OPERAÇÕES DE INTERMEDIAÇÃO","RA"
"146","ITENS NÃO CONTABILIZADOS DO BALANÇO PATRIMONIAL (BP)","RA"
"146.01","VALOR DE REFERÊNCIA DAS OPERAÇÕES NÃO CONTABILIZADAS","RA"
"146.01.01","LIMITE DE CRÉDITO","RA"
"146.01.02","CRÉDITO A LIBERAR","RA"
"146.01.03","GARANTIAS PRESTADAS","RA"
"146.01.04","COOBRIGAÇÕES E DEMAIS MODALIDADES DE RETENÇÃO DE RISCOS E BENEFICIOS","RA"
"146.02","AJUSTE RELATIVO À APLICAÇÃO DE FCC ESPECÍFICO ÀS OPERAÇÕES NÃO CONTABILIZADAS NO BP","RA"
"146.02.01","LIMITE DE CRÉDITO","RA"
"146.02.02","CRÉDITO A LIBERAR","RA"
"146.02.03","GARANTIAS PRESTADAS","RA"
"149","MARGEM OU INSUFICIÊNCIA PARA O LIMITE DE RAZÃO DE ALAVANCAGEM","RA"
"150","LIMITE PARA IMOBILIZAÇÃO","LI"
"160","VALOR DA SITUAÇÃO PARA O LIMITE DE IMOBILIZAÇÃO","LI"
"160.01","ATIVO PERMANENTE","LI"
"160.02","(-) IMOBILIZADO DE ARRENDAMENTO","LI"
"160.03","INVESTIMENTOS EM COOPERATIVAS CENTRAIS E BANCOS COOPERATIVOS","LI"
"160.08","AJUSTES PRUDENCIAIS DEDUZIDOS DO PR REGISTRADOS NO ATIVO PERMANENTE","LI"
"160.08.01","TOTAL DOS AJUSTES PRUDENCIAIS DEDUZIDOS DO PR REGISTRADOS NO ATIVO PERMANENTE","LI"
"160.08.90","AJUSTES PRUDENCIAIS RELATIVOS A ITENS PATRIMONIAIS JÁ DEDUZIDOS","LI"
"170","LIMITE MÁXIMO PARA OPERAÇÃO COM O SETOR PÚBLICO","LCSP"
"171","CRÉDITO AO SETOR PÚBLICO","LCSP"
"172","OPERAÇÕES DE CRÉDITO COM O SETOR PÚBLICO","LCSP"
"172.01","EMPRÉSTIMOS E FINANCIAMENTOS","LCSP"
"172.02","ARRENDAMENTO MERCANTIL","LCSP"
"172.03","DEMAIS OPERAÇÕES COM CARACTERÍSITICAS DE CRÉDITO","LCSP"
"173","AQUISIÇÃO DE TÍTULOS E VALORES MOBILIÁRIOS - NO PAÍS","LCSP"
"173.01","DE EMISSÃO DOS ESTADOS","LCSP"
"173.02","DE EMISSÃO DO DISTRITO FEDERAL","LCSP"
"173.03","DE EMISSÃO DOS MUNICÍPIOS","LCSP"
"173.04","DE EMISSÃO DE DEMAIS ÓRGÃOS E ENTIDADES DO SETOR PÚBLICO","LCSP"
"174","AQUISIÇÃO DE TÍTULOS E VALORES MOBILIÁRIOS - NO EXTERIOR","LCSP"
"175","GARANTIAS PRESTADAS A ÓRGÃOS E ENTIDADES DO SETOR PÚBLICO","LCSP"
"176","OPERAÇÕES CEDIDAS A SECURITIZADORAS","LCSP"
"177","DEMAIS OPERAÇÕES","LCSP"
"180","FUNDO DE LIQUIDEZ MÍNIMO","FLAF"
"180.01","OBRIGAÇÕES","FLAF"
"180.01.01","PASSIVO CIRCULANTE","FLAF"
"180.01.02","GARANTIAS PRESTADAS","FLAF"
"180.01.03","COOBRIGAÇÕES EM CESSÕES DE CRÉDITO","FLAF"
"181","TÍTULOS PÚBLICOS FEDERAIS","FLAF"
"181.01","APLICAÇÕES EM TÍTULOS PÚBLICOS FEDERAIS NO BRASIL","FLAF"
"181.02","APLICAÇÕES EM TÍTULOS PÚBLICOS FEDERAIS NO EXTERIOR","FLAF"
"181.03","PROVISÃO PARA DESVALORIZAÇÃO DE TÍTULOS PÚBLICOS FEDERAIS","FLAF"
"190","LIMITE MÁXIMO PARA O TOTAL DE OPERAÇÕES COMPROMISSADAS","LOC"
"191","LIMITE MÁXIMO PARA OPERAÇÕES COMPROMISSADAS COM TÍTULOS PRIVADOS","LOC"
"192","MÁXIMA EXPOSIÇÃO MENSAL EM OPERAÇÕES COMPROMISSADAS","LOC"
"192.01","COMPRA COM COMPROMISSO DE REVENDA   SETOR PÚBLICO   INCLUÍDO NO LIMITE","LOC"
"192.02","VENDA COM COMPROMISSO DE RECOMPRA   SETOR PÚBLICO   INCLUÍDO NO LIMITE","LOC"
"192.03","COMPRA COM COMPROMISSO DE REVENDA   TÍTULOS PRIVADOS   INCLUÍDO NO LIMITE","LOC"
"192.04","VENDA COM COMPROMISSO DE RECOMPRA   TÍTULOS PRIVADOS   INCLUÍDO NO LIMITE","LOC"
"192.11","COMPRA COM COMPROMISSO DE REVENDA   SETOR PÚBLICO   FORA DO LIMITE","LOC"
"192.12","VENDA COM COMPROMISSO DE RECOMPRA   SETOR PÚBLICO   FORA DO LIMITE","LOC"
"192.13","COMPRA COM COMPROMISSO DE REVENDA   TÍTULOS PRIVADOS   FORA DO LIMITE","LOC"
"192.14","VENDA COM COMPROMISSO DE RECOMPRA   TÍTULOS PRIVADOS   FORA DO LIMITE","LOC"
"193","MÁXIMA EXPOSIÇÃO MENSAL EM OPERAÇÕES COMPROMISSADAS COM TÍTULOS PRIVADOS","LOC"
"193.01","COMPRA COM COMPROMISSO DE REVENDA   TÍTULOS PRIVADOS   INCLUÍDO NO LIMITE","LOC"
"193.02","VENDA COM COMPROMISSO DE RECOMPRA   TÍTULOS PRIVADOS   INCLUÍDO NO LIMITE","LOC"
"193.11","COMPRA COM COMPROMISSO DE REVENDA   TÍTULOS PRIVADOS   FORA DO LIMITE","LOC"
"193.12","VENDA COM COMPROMISSO DE RECOMPRA   TÍTULOS PRIVADOS   FORA DO LIMITE","LOC"
"200","SOMATÓRIO DAS EXPOSIÇÔES DOS CLIENTES COM EXPOSIÇÕES CONCENTRADAS","LEC"
"200.01","CLIENTE COM A 1ª MAIOR EXPOSIÇÃO","LEC"
"200.02","CLIENTE COM A 2ª MAIOR EXPOSIÇÃO","LEC"
"200.03","CLIENTE COM A 3ª MAIOR EXPOSIÇÃO","LEC"
"200.04","CLIENTE COM A 4ª MAIOR EXPOSIÇÃO","LEC"
"200.05","CLIENTE COM A 5ª MAIOR EXPOSIÇÃO","LEC"
"200.06","CLIENTE COM A 6ª MAIOR EXPOSIÇÃO","LEC"
"200.07","CLIENTE COM A 7ª MAIOR EXPOSIÇÃO","LEC"
"200.08","CLIENTE COM A 8ª MAIOR EXPOSIÇÃO","LEC"
"200.09","CLIENTE COM A 9ª MAIOR EXPOSIÇÃO","LEC"
"200.10","CLIENTE COM A 10ª MAIOR EXPOSIÇÃO","LEC"
"200.11","CLIENTE COM A 11ª MAIOR EXPOSIÇÃO","LEC"
"200.12","CLIENTE COM A 12ª MAIOR EXPOSIÇÃO","LEC"
"200.13","CLIENTE COM A 13ª MAIOR EXPOSIÇÃO","LEC"
"200.14","CLIENTE COM A 14ª MAIOR EXPOSIÇÃO","LEC"
"200.15","CLIENTE COM A 15ª MAIOR EXPOSIÇÃO","LEC"
"200.16","CLIENTE COM A 16ª MAIOR EXPOSIÇÃO","LEC"
"200.17","CLIENTE COM A 17ª MAIOR EXPOSIÇÃO","LEC"
"200.18","CLIENTE COM A 18ª MAIOR EXPOSIÇÃO","LEC"
"200.19","CLIENTE COM A 19ª MAIOR EXPOSIÇÃO","LEC"
"200.20","CLIENTE COM A 20ª MAIOR EXPOSIÇÃO","LEC"
"200.21","CLIENTE COM A 21ª MAIOR EXPOSIÇÃO","LEC"
"200.22","CLIENTE COM A 22ª MAIOR EXPOSIÇÃO","LEC"
"200.23","CLIENTE COM A 23ª MAIOR EXPOSIÇÃO","LEC"
"200.24","CLIENTE COM A 24ª MAIOR EXPOSIÇÃO","LEC"
"200.25","CLIENTE COM A 25ª MAIOR EXPOSIÇÃO","LEC"
"200.26","CLIENTE COM A 26ª MAIOR EXPOSIÇÃO","LEC"
"200.27","CLIENTE COM A 27ª MAIOR EXPOSIÇÃO","LEC"
"200.28","CLIENTE COM A 28ª MAIOR EXPOSIÇÃO","LEC"
"200.29","CLIENTE COM A 29ª MAIOR EXPOSIÇÃO","LEC"
"200.30","CLIENTE COM A 30ª MAIOR EXPOSIÇÃO","LEC"
"200.31","CLIENTE COM A 31ª MAIOR EXPOSIÇÃO","LEC"
"200.32","CLIENTE COM A 32ª MAIOR EXPOSIÇÃO","LEC"
"200.33","CLIENTE COM A 33ª MAIOR EXPOSIÇÃO","LEC"
"200.34","CLIENTE COM A 34ª MAIOR EXPOSIÇÃO","LEC"
"200.35","CLIENTE COM A 35ª MAIOR EXPOSIÇÃO","LEC"
"200.36","CLIENTE COM A 36ª MAIOR EXPOSIÇÃO","LEC"
"200.37","CLIENTE COM A 37ª MAIOR EXPOSIÇÃO","LEC"
"200.38","CLIENTE COM A 38ª MAIOR EXPOSIÇÃO","LEC"
"200.39","CLIENTE COM A 39ª MAIOR EXPOSIÇÃO","LEC"
"200.40","CLIENTE COM A 40ª MAIOR EXPOSIÇÃO","LEC"
"200.41","CLIENTE COM A 41ª MAIOR EXPOSIÇÃO","LEC"
"200.42","CLIENTE COM A 42ª MAIOR EXPOSIÇÃO","LEC"
"200.43","CLIENTE COM A 43ª MAIOR EXPOSIÇÃO","LEC"
"200.44","CLIENTE COM A 44ª MAIOR EXPOSIÇÃO","LEC"
"200.45","CLIENTE COM A 45ª MAIOR EXPOSIÇÃO","LEC"
"200.46","CLIENTE COM A 46ª MAIOR EXPOSIÇÃO","LEC"
"200.47","CLIENTE COM A 47ª MAIOR EXPOSIÇÃO","LEC"
"200.48","CLIENTE COM A 48ª MAIOR EXPOSIÇÃO","LEC"
"200.49","CLIENTE COM A 49ª MAIOR EXPOSIÇÃO","LEC"
"200.50","CLIENTE COM A 50ª MAIOR EXPOSIÇÃO","LEC"
"200.51","CLIENTE COM A 51ª MAIOR EXPOSIÇÃO","LEC"
"200.52","CLIENTE COM A 52ª MAIOR EXPOSIÇÃO","LEC"
"200.53","CLIENTE COM A 53ª MAIOR EXPOSIÇÃO","LEC"
"200.54","CLIENTE COM A 54ª MAIOR EXPOSIÇÃO","LEC"
"200.55","CLIENTE COM A 55ª MAIOR EXPOSIÇÃO","LEC"
"200.56","CLIENTE COM A 56ª MAIOR EXPOSIÇÃO","LEC"
"200.57","CLIENTE COM A 57ª MAIOR EXPOSIÇÃO","LEC"
"200.58","CLIENTE COM A 58ª MAIOR EXPOSIÇÃO","LEC"
"200.59","CLIENTE COM A 59ª MAIOR EXPOSIÇÃO","LEC"
"200.60","CLIENTE COM A 60ª MAIOR EXPOSIÇÃO","LEC"
"200.61","EXPOSIÇÃO COM CLIENTES INDETERMINADOS","LEC"
"200.70","DEMAIS EXPOSIÇÕES CONCENTRADAS NÃO DETALHADAS","LEC"
"200.80","EXPOSIÇÕES CONCENTRADAS COM CLIENTES EXCEPCIONALIZADOS","LEC"
"200.90","EXPOSIÇÕES LÍQUIDAS QUE SERIAM RELEVANTES NA AUSÊNCIA EXCLUSÃO, MITIGAÇÃO OU COMPENSAÇÃO","LEC"
"210","PATRIMÔNIO DE REFERÊNCIA NÍVEL I PARA OUTROS LIMITES OPERACIONAIS","LEC"
"211","LIMITE MÁXIMO PARA EXPOSIÇÃO DE CLIENTES","LEC"
"212","LIMITE MÁXIMO PARA EXPOSIÇÕES CONCENTRADAS","LEC"
"213","MARGEM OU INSUFICIÊNCIA PARA O LIMITE DE EXPOSIÇÕES POR CLIENTE","LEC"
"214","MARGEM OU INSUFICIÊNCIA PARA EXPOSIÇÕES CONCENTRADAS","LEC"
"215","SOMA DO PR NÍVEL I DAS COOPERATIVAS FILIADAS VINCULADAS A COOPERATIVA CENTRAL QUE PRESTE CENTRALIZAÇÃO","LEC"
"216","LIMITE MÁXIMO ALTERNATIVO PARA EXPOSIÇÃO DE CLIENTES PARA AS COOPERATIVAS CENTRAIS QUE PRESTEM CENTRALIZAÇÃO","LEC"
"217","MAIOR EXPOSIÇÃO DA COOPERATIVA CENTRAL QUE NÃO SE ENQUADRA NO ROL DE EXPOSIÇÕES SUJEITAS AO LIMITE ALTERNATIVO","LEC"
"218","MAIOR EXPOSIÇÃO DA COOPERATIVA CENTRAL QUE SE ENQUADRA NO ROL DE EXPOSIÇÕES SUJEITAS AO LIMITE ALTERNATIVO","LEC"
"219","MARGEM OU INSUFICIÊNCIA PARA O LIMITE DE EXPOSIÇÕES POR CLIENTE PARA COOPERATIVAS CENTRAIS QUE PRESTEM CENTRALIZAÇÃO","LEC"
"510","DISPONIBILIDADES","RWACPAD"
"510.01","VALORES MANTIDOS EM ESPÉCIE","RWACPAD"
"510.02","BANCO CENTRAL - RESERVA LIVRE EM ESPÉCIE","RWACPAD"
"510.03","DEPÓSITOS BANCÁRIOS E OUTRAS DISPONIBILIDADES","RWACPAD"
"520","APLICAÇÕES INTERFINANCEIRAS DE LIQUIDEZ","RWACPAD"
"520.01","OPERAÇÕES COMPROMISSADAS  COMPRA COM COMPROMISSO DE REVENDA","RWACPAD"
"520.02","OPERAÇÕES COMPROMISSADAS  VENDA COM COMPROMISSO DE RECOMPRA","RWACPAD"
"520.03","OPERAÇÕES COMPROMISSADAS  COMPRA COM COMPROMISSO DE REVENDA, CONJUGADO COM VENDA COM COMPROMISSO DE RECOMPRA","RWACPAD"
"520.04","OPERAÇÕES COMPROMISSADAS  POSIÇÃO VENDIDA  COMPRA COM COMPROMISSO DE REVENDA","RWACPAD"
"520.05","OPERAÇÕES COMPROMISSADAS  LIVRE MOVIMENTAÇÃO  VENDA C/ COMPROMISSO DE RECOMPRA  TÍTULOS PÚBLICOS FEDERAIS","RWACPAD"
"526.01","DEPÓSITOS INTERFINANCEIROS","RWACPAD"
"526.02","DEPÓSITO EM POUPANÇA","RWACPAD"
"526.03","DEPÓSITOS VOLUNTÁRIOS NO BANCO CENTRAL DO BRASIL","RWACPAD"
"527.01","APLICAÇÕES EM MOEDAS ESTRANGEIRAS","RWACPAD"
"530","TÍTULOS E VALORES MOBILIÁRIOS E INSTRUMENTOS FINANCEIROS DERIVATIVOS","RWACPAD"
"530.07","DERIVATIVOS FINANCEIROS, INCLUSIVE CONTRATO DE CÂMBIO   VALOR DE REPOSIÇÃO   ATIVO","RWACPAD"
"530.08","DERIVATIVOS FINANCEIROS, INCLUSIVE CONTRATO DE CÂMBIO   GANHO POTENCIAL FUTURO","RWACPAD"
"530.20","TÍTULOS E VALORES MOBILIÁRIOS DIVERSOS","RWACPAD"
"530.22","ESTRUTURAS DE SECURITIZAÇÃO TRADICIONAL, NÃO TRATADO COMO FUNDO DE INVESTIMENTO","RWACPAD"
"530.23","ESTRUTURAS DE SECURITIZAÇÃO TRATADAS COMO FUNDOS DE INVESTIMENTO","RWACPAD"
"530.24","ESTRUTURA DE SECURITIZAÇÃO SINTÉTICA NO QUAL A INSTITUIÇÃO ATUA COMO TRANSFERIDORA DO RISCO","RWACPAD"
"530.25","APOIO IMPLÍCITO EM PROCESSOS DE SECURITIZAÇÃO","RWACPAD"
"530.30","OPERAÇÕES COM INSTRUMENTOS FINANCEIROS DERIVATIVOS POR MEIO DA ABORDAGEM SA-CCR","RWACPAD"
"530.30.01","VALOR DE REPOSIÇÃO CALCULADO DE ACORDO COM A ABORDAGEM SA-CCR","RWACPAD"
"530.30.02","GANHO POTENCIAL FUTURO CALCULADO DE ACORDO COM A ABORDAGEM SA-CCR","RWACPAD"
"530.40","VALOR DE REPOSIÇÃO DE OPERAÇÕES COM INSTRUMENTOS DERIVATIVOS DE CRÉDITO PARA EXPOSIÇÕES DECORRENTES DE TRANSFERÊNCIA DE RISCO","RWACPAD"
"530.41","GANHO POTENCIAL FUTURO DE OPERAÇÕES COM INSTRUMENTOS DERIVATIVOS DE CRÉDITO PARA EXPOSIÇÕES DECORRENTES DE TRANSFERÊNCIA DE RISCO","RWACPAD"
"530.42","DERIVATIVO DE CRÉDITO PARA EXPOSIÇÕES DECORRENTES DE RECEPÇÃO DE RISCO - TRATAMENTO GERAL","RWACPAD"
"530.43","DERIVATIVO DE CRÉDITO - RECEPÇÃO DE RISCO - REFERENCIADO A MAIS DE UMA ENTIDADE - PROTEÇÃO ACIONADA POR QUALQUER EVENTO DE CRÉDITO","RWACPAD"
"530.44","DERIVATIVO DE CRÉDITO - RECEPÇÃO DE RISCO REFERENCIADO A MAIS DE UMA ENTIDADE - PROTEÇÃO INTEGRALMENTE ACIONADA POR MAIS DE UM EVENTO DE CRÉDITO","RWACPAD"
"530.50","COTAS DE FUNDOS DE INVESTIMENTO COM EXPOSIÇÕES IDENTIFICADAS","RWACPAD"
"530.51","COTAS DE FUNDOS DE INVESTIMENTO COM EXPOSIÇÕES INFERIDAS E DEMAIS","RWACPAD"
"535","PARTICIPAÇÕES EM FUNDOS DE GARANTIA MUTUALIZADOS DE CÂMARAS OU PRESTADORES DE SERVIÇOS DE COMPENSAÇÃO E DE LIQUIDAÇÃO E O ATIVO DISPONIBILIZADO COMO GARANTIA","RWACPAD"
"535.01","PARTICIPAÇÕES EM FUNDOS DE GARANTIA DE CLEARINGS CARACTERIZADAS COMO QCCP","RWACPAD"
"535.04","PARTICIPAÇÕES EM FUNDOS DE GARANTIA DE CLEARINGS NÃO CARACTERIZADAS COMO QCCP","RWACPAD"
"535.05","GARANTIA EM FAVOR DE CÂMARAS OU PRESTADORES DE SERVIÇOS DE COMPENSAÇÃO E DE LIQUIDAÇÃO","RWACPAD"
"540","RELAÇÕES INTERFINANCEIRAS E OPERAÇÕES DE INTERDEPENDÊNCIAS","RWACPAD"
"540.07","RELAÇÕES INTERFINANCEIRAS","RWACPAD"
"540.08","OPERAÇÕES INTERDEPENDÊNCIAS","RWACPAD"
"550","OPERAÇÕES DE CRÉDITO","RWACPAD"
"550.13","OPERAÇÕES DE CRÉDITO  DIVERSAS","RWACPAD"
"550.20","EXPOSIÇÕES GARANTIDAS POR IMÓVEIS","RWACPAD"
"550.21","EXPOSIÇÕES VINCULADAS A IMÓVEIS","RWACPAD"
"550.30","FINANCIAMENTOS ESPECIALIZADOS","RWACPAD"
"560","OPERAÇÕES DE ARRENDAMENTO MERCANTIL","RWACPAD"
"560.05","ARRENDAMENTO FINANCEIRO","RWACPAD"
"560.06","ARRENDAMENTO OPERACIONAL","RWACPAD"
"570","OUTROS DIREITOS, VALORES E BENS","RWACPAD"
"570.01","OURO ATIVO FINANCEIRO E INSTRUMENTO CAMBIAL","RWACPAD"
"570.06","OUTROS DIREITOS COM CARACTERÍSTICAS DE OPERAÇÕES DE CRÉDITO","RWACPAD"
"570.10","DEMAIS DIREITOS E OUTROS VALORES E BENS","RWACPAD"
"570.15","PRECATÓRIOS OU DIREITOS CREDITÓRIOS","RWACPAD"
"590","PERMANENTE E PARTICIPAÇÕES","RWACPAD"
"590.10","ATIVO PERMANENTE E DEMAIS PARTICIPAÇÕES","RWACPAD"
"590.11","PARTICIPAÇÕES SIGNIFICATIVAS EM INSTITUIÇÕES FINANCEIRAS E ASSEMELHADAS","RWACPAD"
"590.12","PARTICIPAÇÕES NÃO SIGNIFICATIVAS EM INSTITUIÇÕES FINANCEIRAS E ASSEMELHADAS","RWACPAD"
"600","LIMITE DE CRÉDITO","RWACPAD"
"600.05","LIMITE DE CRÉDITO NÃO CANCELÁVEL INCONDICIONAL E UNILATERALMENTE PELA INSTITUIÇÃO","RWACPAD"
"600.06","LIMITES DE CRÉDITO - OUTROS","RWACPAD"
"605","CRÉDITO A LIBERAR","RWACPAD"
"605.05","CRÉDITO A LIBERAR EM ATÉ 360 DIAS","RWACPAD"
"605.06","CRÉDITOS A LIBERAR - OUTROS","RWACPAD"
"610","ADIANTAMENTOS CONCEDIDOS PELA INSTITUIÇÃO","RWACPAD"
"610.01","ADIANTAMENTOS EM MOEDA ESTRANGEIRA","RWACPAD"
"610.02","ADIANTAMENTOS SOBRE CONTRATOS DE CÂMBIO (ACC / ACE)","RWACPAD"
"610.03","OUTROS ADIANTAMENTOS CONCEDIDOS","RWACPAD"
"620","GARANTIAS PRESTADAS - AVAIS, FIANÇAS E COOBRIGAÇÕES","RWACPAD"
"620.06","COOBRIGAÇÕES EM CESSÕES DE CRÉDITOS","RWACPAD"
"620.07","COOBRIGAÇÕES DEMAIS","RWACPAD"
"620.09","GARANTIAS PRESTADAS  AVAIS E FIANÇAS","RWACPAD"
"620.10","GARANTIAS A VIGER","RWACPAD"
"630","CRÉDITOS TRIBUTÁRIOS","RWACPAD"
"630.01","CRÉDITOS TRIBUTÁRIOS DE DIFERNÇA TEMPORÁRIA","RWACPAD"
"630.02","DEMAIS CRÉDITOS TRIBUTÁRIOS","RWACPAD"
"640","OPERAÇÕES DE EMPRÉSTIMOS DE ATIVOS","RWACPAD"
"640.01","DIREITOS POR EMPRÉSTIMOS DE AÇÕES","RWACPAD"
"640.02","DIREITOS POR EMPRÉSTIMOS DE TÍTULOS","RWACPAD"
"640.03","DIREITOS POR EMPRÉSTIMOS DE OURO","RWACPAD"
"700","RWA PARA RISCO DE CRÉDITO POR ABORDAGEM PRADONIZADA - RWAcpad","RWACPAD"
"730","ACRÉSCIMO AO RWA PARA RISCO DE CRÉDITO APURADO SEGUNDO MODELO INTERNO","RWACIRB"
"730.10","RWA MODELO INTERNO IRB","RWACIRB"
"730.20","RWA POR METODOLOGIA PADRONIZADA (RWACPAD) DAS EXPOSIÇÕES IRB","RWACIRB"
"750","RWASP","RWASP"
"750.01","RWASP   MOE","RWASP"
"750.02","RWASP   ADQ","RWASP"
"750.03","RWASP   PISP","RWASP"
"770","RWA PARA RISCO DE MERCADO","RWAMPAD"
"775","DIFERENÇA A MENOR NO RWA EM FUNÇÃO DE RECLASSIFICAÇÃO DE CARTEIRA DE OPERAÇÕES NO MÊS","RWA"
"780","DIFERENÇA A MENOR NO RWA EM FUNÇÃO DE RECLASSIFICAÇÃO DE CARTEIRA DE OPERAÇÕES MANTIDAS EXCLUSIVE NO MÊS","RWA"
"800","RWACAM","RWAMPAD"
"800.01","EXPOSIÇÃO CAMBIAL CESTA DE MOEDAS","RWAMPAD"
"800.02","EXPOSIÇÃO CAMBIAL DEMAIS MOEDAS","RWAMPAD"
"800.03","EXPOSIÇÃO CAMBIAL COMPENSAÇÃO PAÍS/EXTERIOR","RWAMPAD"
"810","RWAJUR1","RWAMPAD"
"810.10","VALOR EM RISCO PARA CENÁRIO NORMAL","RWAMPAD"
"810.20","VALOR EM RISCO PARA CENÁRIO ESTRESSADO","RWAMPAD"
"820","RWAJUR[2]","RWAMPAD"
"820.01","CUPOM DE MOEDA ESTRANGEIRO - EXPOSIÇÃO LÍQUIDA (EL)","RWAMPAD"
"820.02","CUPOM DE MOEDA ESTRANGEIRO - DESCASAMENTO VERTICAL (DV)","RWAMPAD"
"820.03","CUPOM DE MOEDA ESTRANGEIRA - DESCASAMENTO HORIZONTAL DENTRO DA ZONA DE VENCIMENTO (DHZ)","RWAMPAD"
"820.04","CUPOM DE MOEDA ESTRANGEIRA - DESCASAMENTO HORIZONTAL ENTRE AS ZONAS DE VENCIMENTO (DHE)","RWAMPAD"
"830","RWAJUR[3]","RWAMPAD"
"830.01","CUPOM DE ÍNDICES DE PREÇO - EXPOSIÇÃO LÍQUIDA (EL)","RWAMPAD"
"830.02","CUPOM DE ÍNDICES DE PREÇO - DESCASAMENTO VERTICAL (DV)","RWAMPAD"
"830.03","CUPOM DE ÍNDICES DE PREÇO - DESCASAMENTO HORIZONTAL DENTRO DA ZONA DE VENCIMENTO (DHZ)","RWAMPAD"
"830.04","CUPOM DE ÍNDICES DE PREÇO - DESCASAMENTO HORIZONTAL ENTRE AS ZONAS DE VENCIMENTO (DHE)","RWAMPAD"
"840","RWAJUR[4]","RWAMPAD"
"840.01","CUPOM DE TAXA DE JUROS - EXPOSIÇÃO LÍQUIDA (EL)","RWAMPAD"
"840.02","CUPOM DE TAXA DE JUROS - DESCASAMENTO VERTICAL (DV)","RWAMPAD"
"840.03","CUPOM DE TAXA DE JUROS - DESCASAMENTO HORIZONTAL DENTRO DA ZONA DE VENCIMENTO (DHZ)","RWAMPAD"
"840.04","CUPOM DE TAXA DE JUROS - DESCASAMENTO HORIZONTAL ENTRE AS ZONAS DE VENCIMENTO (DHE)","RWAMPAD"
"850","RWACOM","RWAMPAD"
"850.01","COMMODITIES - EXPOSIÇÃO LÍQUIDA (EL)","RWAMPAD"
"850.02","COMMODITIES - EXPOSIÇÃO BRUTA (EB)","RWAMPAD"
"860","RWAACS","RWAMPAD"
"860.01","AÇÕES - MÓDULO DA SOMA DAS EXPOSIÇÕES LÍQUIDAS NO PAÍS","RWAMPAD"
"860.04","AÇÕES - MÓDULO DA SOMA DAS EXPOSIÇÕES LÍQUIDAS NO EXTERIOR","RWAMPAD"
"860.07","AÇÕES - SOMA DO MÓDULO DAS EXPOSIÇÕES LÍQUIDAS EM AÇÕES NO PAÍS","RWAMPAD"
"860.08","AÇÕES - SOMA DO MÓDULO DAS EXPOSIÇÕES LÍQUIDAS EM AÇÕES NO EXTERIOR","RWAMPAD"
"860.09","AÇÕES - SOMA DO MÓDULO DAS EXPOSIÇÕES LÍQUIDAS EM ÍNDICES DE AÇÕES NO PAÍS","RWAMPAD"
"860.10","AÇÕES - SOMA DO MÓDULO DAS EXPOSIÇÕES LÍQUIDAS EM ÍNDICES DE AÇÕES NO EXTERIOR","RWAMPAD"
"861","AJUSTE PARA DERIVATIVOS DECORRENTE DE VARIAÇÃO DA QUALIDADE CREDITÍCIA DA CONTRAPARTE (CVA)","RWACVA"
"862","RWADRC","RWADRC"
"862.10","VALOR DO CAPITAL PARA O COMPONENTE DRC NSEC","RWAMPAD"
"862.10.01","VALOR DO CAPITAL PARA A CATEGORIA DE QUE TRATA O INC. I DO ART. 8º DA RES. BCB 313/2023 (PESSOAS JURÍDICAS DE DIRETO PRIVADO)","RWAMPAD"
"862.10.02","VALOR DO CAPITAL PARA A CATEGORIA DE QUE TRATA O INC. II DO ART. 8º DA RES. BCB 313/2023 (GOVERNOS CENTRAIS E RESPCTIVOS BANCOS CENTRAIS, ORGANISMOS MULTILATERAIS E EMD)","RWAMPAD"
"862.10.03","VALOR DO CAPITAL PARA A CATEGORIA DE QUE TRATA O INC. III DO ART. 8º DA RES. BCB 313/2023 (GOVERNOS REGIONAIS E AUTORIDADES LOCAIS)","RWAMPAD"
"862.20","VALOR DO CAPITAL PARA O COMPONENTE DRC SEC","RWAMPAD"
"862.30","VALOR DO CAPITAL PARA O COMPONENTE DRC CTP","RWAMPAD"
"865","RWA PARA RISCO DE MERCADO APURADO SEGUNDO MODELO INTERNO","RWAMPAD"
"865.01","EFEITO DIVERSIFICAÇÃO - RISCO DE MERCADO - MODELO INTERNO","RWAMPAD"
"865.10","VALOR TOTAL DA PARCELA RWACAM ANTES DO EFEITO DIVERSIFICAÇÃO","RWAMPAD"
"865.20","VALOR TOTAL DA PARCELA RWAJUR ANTES DO EFEITO DIVERSIFICAÇÃO","RWAMPAD"
"865.20.01","EFEITO DIVERSIFICAÇÃO RWAJUR","RWAMPAD"
"865.20.10","VALOR TOTAL DA PARCELA RWAJUR1 ANTES DO EFEITO DIVERSIFICAÇÃO","RWAMPAD"
"865.20.20","VALOR TOTAL DA PARCELA RWAJUR2 ANTES DO EFEITO DIVERSIFICAÇÃO","RWAMPAD"
"865.20.30","VALOR TOTAL DA PARCELA RWAJUR3 ANTES DO EFEITO DIVERSIFICAÇÃO","RWAMPAD"
"865.20.40","VALOR TOTAL DA PARCELA RWAJUR4 ANTES DO EFEITO DIVERSIFICAÇÃO","RWAMPAD"
"865.30","VALOR TOTAL DA PARCELA RWAACS ANTES DO EFEITO DIVERSIFICAÇÃO","RWAMPAD"
"865.40","VALOR TOTAL DA PARCELA RWACOM ANTES DO EFEITO DIVERSIFICAÇÃO","RWAMPAD"
"866","ADICIONAL CALCULADO SEGUNDO MODELO PADRONIZADO","RWAMPAD"
"870","RWAOPAD","RWAOPAD"
"870.01","RWAOPAD PARA INSTITUIÇÕES EM INÍCIO DE ATIVIDADE","RWAOPAD"
"871","ABORDAGEM DO INDICADOR BÁSICO","RWAOPAD"
"871.10.00","INDICADOR DE EXPOSIÇÃO EM T-3","RWAOPAD"
"871.20.00","INDICADOR DE EXPOSIÇÃO EM T-2","RWAOPAD"
"871.30.00","INDICADOR DE EXPOSIÇÃO EM T-1","RWAOPAD"
"872","ABORDAGEM PADRONIZADA ALTERNATIVA","RWAOPAD"
"872.10.02","INDICADOR ALTERNATIVO DE EXPOSIÇÃO EM T-3 - IAE  VAREJO","RWAOPAD"
"872.10.03","INDICADOR ALTERNATIVO DE EXPOSIÇÃO EM T-3 - IAE  COMERCIAL","RWAOPAD"
"872.10.05","INDICADOR DE EXPOSIÇÃO EM T-3 - IE  VAREJO/COMERCIAL","RWAOPAD"
"872.10.07","INDICADOR DE EXPOSIÇÃO EM T-3 - IE  FINANÇAS CORPORATIVAS","RWAOPAD"
"872.10.08","INDICADOR DE EXPOSIÇÃO EM T-3 - IE  NEGOCIAÇÃO E VENDAS","RWAOPAD"
"872.10.09","INDICADOR DE EXPOSIÇÃO EM T-3 - IE  PAGAMENTOS E LIQUIDAÇÃO","RWAOPAD"
"872.10.10","INDICADOR DE EXPOSIÇÃO EM T-3 - IE  SERVIÇOS DE AGENTE FINANCEIRO","RWAOPAD"
"872.10.11","INDICADOR DE EXPOSIÇÃO EM T-3 - IE  ADMINISTRAÇÃO DE ATIVOS","RWAOPAD"
"872.10.12","INDICADOR DE EXPOSIÇÃO EM T-3 - IE  CORRETAGEM DE VAREJO","RWAOPAD"
"872.10.21","OUTRAS RECEITAS NÃO INCLUÍDAS EM T-3","RWAOPAD"
"872.10.22","OUTRAS DESPESAS NÃO INCLUÍDAS EM T-3","RWAOPAD"
"872.20.02","INDICADOR ALTERNATIVO DE EXPOSIÇÃO EM T-2 - IAE  VAREJO","RWAOPAD"
"872.20.03","INDICADOR ALTERNATIVO DE EXPOSIÇÃO EM T-2 - IAE  COMERCIAL","RWAOPAD"
"872.20.05","INDICADOR DE EXPOSIÇÃO EM T-2 - IE  VAREJO/COMERCIAL","RWAOPAD"
"872.20.07","INDICADOR DE EXPOSIÇÃO EM T-2 - IE  FINANÇAS CORPORATIVAS","RWAOPAD"
"872.20.08","INDICADOR DE EXPOSIÇÃO EM T-2 - IE  NEGOCIAÇÃO E VENDAS","RWAOPAD"
"872.20.09","INDICADOR DE EXPOSIÇÃO EM T-2 - IE  PAGAMENTOS E LIQUIDAÇÃO","RWAOPAD"
"872.20.10","INDICADOR DE EXPOSIÇÃO EM T-2 - IE  SERVIÇOS DE AGENTE FINANCEIRO","RWAOPAD"
"872.20.11","INDICADOR DE EXPOSIÇÃO EM T-2 - IE  ADMINISTRAÇÃO DE ATIVOS","RWAOPAD"
"872.20.12","INDICADOR DE EXPOSIÇÃO EM T-2 - IE  CORRETAGEM DE VAREJO","RWAOPAD"
"872.20.21","OUTRAS RECEITAS NÃO INCLUÍDAS EM T-2","RWAOPAD"
"872.20.22","OUTRAS DESPESAS NÃO INCLUÍDAS EM T-2","RWAOPAD"
"872.30.02","INDICADOR ALTERNATIVO DE EXPOSIÇÃO EM T-1 - IAE  VAREJO","RWAOPAD"
"872.30.03","INDICADOR ALTERNATIVO DE EXPOSIÇÃO EM T-1 - IAE  COMERCIAL","RWAOPAD"
"872.30.05","INDICADOR DE EXPOSIÇÃO EM T-1 - IE  VAREJO/COMERCIAL","RWAOPAD"
"872.30.07","INDICADOR DE EXPOSIÇÃO EM T-1 - IE  FINANÇAS CORPORATIVAS","RWAOPAD"
"872.30.08","INDICADOR DE EXPOSIÇÃO EM T-1 - IE  NEGOCIAÇÃO E VENDAS","RWAOPAD"
"872.30.09","INDICADOR DE EXPOSIÇÃO EM T-1 - IE  PAGAMENTOS E LIQUIDAÇÃO","RWAOPAD"
"872.30.10","INDICADOR DE EXPOSIÇÃO EM T-1 - IE  SERVIÇOS DE AGENTE FINANCEIRO","RWAOPAD"
"872.30.11","INDICADOR DE EXPOSIÇÃO EM T-1 - IE  ADMINISTRAÇÃO DE ATIVOS","RWAOPAD"
"872.30.12","INDICADOR DE EXPOSIÇÃO EM T-1 - IE  CORRETAGEM DE VAREJO","RWAOPAD"
"872.30.21","OUTRAS RECEITAS NÃO INCLUÍDAS EM T-1","RWAOPAD"
"872.30.22","OUTRAS DESPESAS NÃO INCLUÍDAS EM T-1","RWAOPAD"
"873","ABORDAGEM PADRONIZADA ALTERNATIVA SIMPLIFICADA","RWAOPAD"
"873.10.01","INDICADOR ALTERNATIVO DE EXPOSIÇÃO EM T-3 - IAE  VAREJO/COMERCIAL","RWAOPAD"
"873.10.05","INDICADOR DE EXPOSIÇÃO EM T-3 - IE  VAREJO/COMERCIAL","RWAOPAD"
"873.10.13","INDICADOR DE EXPOSIÇÃO EM T-3 - IE  DEMAIS","RWAOPAD"
"873.10.21","OUTRAS RECEITAS NÃO INCLUÍDAS EM T-3","RWAOPAD"
"873.10.22","OUTRAS DESPESAS NÃO INCLUÍDAS EM T-3","RWAOPAD"
"873.20.01","INDICADOR ALTERNATIVO DE EXPOSIÇÃO EM T-2 - IAE  VAREJO/COMERCIAL","RWAOPAD"
"873.20.05","INDICADOR DE EXPOSIÇÃO EM T-2 - IE  VAREJO/COMERCIAL","RWAOPAD"
"873.20.13","INDICADOR DE EXPOSIÇÃO EM T-2 - IE  DEMAIS","RWAOPAD"
"873.20.21","OUTRAS RECEITAS NÃO INCLUÍDAS EM T-2","RWAOPAD"
"873.20.22","OUTRAS DESPESAS NÃO INCLUÍDAS EM T-2","RWAOPAD"
"873.30.01","INDICADOR ALTERNATIVO DE EXPOSIÇÃO EM T-1 - IAE  VAREJO/COMERCIAL","RWAOPAD"
"873.30.05","INDICADOR DE EXPOSIÇÃO EM T-1 - IE  VAREJO/COMERCIAL","RWAOPAD"
"873.30.13","INDICADOR DE EXPOSIÇÃO EM T-1 - IE  DEMAIS","RWAOPAD"
"873.30.21","OUTRAS RECEITAS NÃO INCLUÍDAS EM T-1","RWAOPAD"
"873.30.22","OUTRAS DESPESAS NÃO INCLUÍDAS EM T-1","RWAOPAD"
"890","VALOR DO CAPITAL PARA COBERTURA DO RISCO DE TAXA DE JUROS DA CARTEIRA BANCÁRIA","RBAN"
"891","VALOR DO CAPITAL PARA COBERTURA DO RISCO DE TAXA DE JUROS DA CARTEIRA BANCÁRIA  CIRCULAR 3.876/18","IRRBB"
"891.10","DELTA EVE APURADO PELA ABORDAGEM PADRONIZADA","IRRBB"
"891.10.10","DELTA EVE APURADO PARA CENÁRIO PARALELO DE ALTA NAS TAXAS DE JUROS","IRRBB"
"891.10.10.01","DETALHAMENTO DO DELTA EVE APURADO PARA CENÁRIO PARALELO DE ALTA NAS TAXAS DE JUROS","IRRBB"
"891.10.20","DELTA EVE APURADO PARA CENÁRIO PARALELO DE BAIXA NAS TAXAS DE JUROS","IRRBB"
"891.10.20.01","DETALHAMENTO DO DELTA EVE APURADO PARA CENÁRIO PARALELO DE BAIXA NAS TAXAS DE JUROS","IRRBB"
"891.10.30","DELTA EVE APURADO PARA CENÁRIO DE ALTA NAS TAXAS DE JUROS DE CURTO PRAZO","IRRBB"
"891.10.40","DELTA EVE APURADO PARA CENÁRIO DE BAIXA NAS TAXAS DE JUROS DE CURTO PRAZO","IRRBB"
"891.10.50","DELTA EVE APURADO PARA CENÁRIO STEEPENER","IRRBB"
"891.10.60","DELTA EVE APURADO PARA CENÁRIO FLATTENER","IRRBB"
"891.10.90","DETALHAMENTO DO DELTA EVE APURADO PARA CENÁRIO QUE GERA MAIOR DELTA EVE","IRRBB"
"891.20","DELTA NII APURADO PELA ABORDAGEM PADRONIZADA","IRRBB"
"891.20.10","DELTA NII APURADO PARA CENÁRIO PARALELO DE ALTA NAS TAXAS DE JUROS","IRRBB"
"891.20.10.01","DETALHAMENTO DO DELTA NII APURADO PARA CENÁRIO PARALELO DE ALTA NAS TAXAS DE JUROS","IRRBB"
"891.20.20","DELTA NII APURADO PARA CENÁRIO PARALELO DE BAIXA NAS TAXAS DE JUROS","IRRBB"
"891.20.20.01","DETALHAMENTO DO DELTA NII APURADO PARA CENÁRIO PARALELO DE BAIXA NAS TAXAS DE JUROS","IRRBB"
"891.30","DELTA EVE APURADO POR MEIO DE METODOLOGIAS INTERNAS","IRRBB"
"891.40","DELTA NII APURADO POR MEIO DE METODOLOGIAS INTERNAS","IRRBB"
"900","ATIVOS PONDERADOS POR RISCO (RWA)","RWA"
"910","PATRIMÔNIO DE REFERÊNCIA MÍNIMO REQUERIDO PARA O RWA","RWA"
"910.01","AUXILIAR 1 PARA O PR REQUERIDO","RWA"
"910.02","AUXILIAR 2 PARA O PR REQUERIDO","RWA"
"911","PATRIMÔNIO DE REFERÊNCIA MÍNIMO REQUERIDO PAR O RWA E PARA RBAN","RWA"
"920","PATRIMÔNIO DE REFERÊNCIA NÍVEL I MÍNIMO REQUERIDO PARA O RWA","RWA"
"920.01","AUXILIAR 1 PARA O PR NÍVEL I REQUERIDO","RWA"
"920.02","AUXILIAR 2 PARA O PR NÍVEL I REQUERIDO","RWA"
"930","CAPITAL PRINCIPAL MÍNIMO REQUERIDO PARA O RWA","RWA"
"931","CAPITAL PRINCIPAL MÍNIMO REQUERIDO PARA MANUTENÇÃO DE INSTRUMENTOS ELEGÍVEIS AO CAPITAL COMPLEMENTAR","RWA"
"932","CAPITAL PRINCIPAL MÍNIMO REQUERIDO PARA MANUTENÇÃO DE INSTRUMENTOS ELEGÍVEIS AO NÍVEL II","RWA"
"933","ADICIONAL DE EXIGÊNCIA DE CAPITAL  ADD-ON ESTRUTURADO","RWA"
"934","ADICIONAL DE EXIGÊNCIA DE CAPITAL - ADD-ON POR REFERÊNCIA","RWA"
"940","ADICIONAL DE CAPITAL PRINCIPAL MÍNIMO REQUERIDO PARA O RWA","RWA"
"942","ADICIONAL DE CONSERVAÇÃO DE CAPITAL PRINCIPAL","RWA"
"943","ADICIONAL CONTRACÍCLICO DE CAPITAL PRINCIPAL","ACCP"
"943.01","RWA PÚBLICO NÃO BANCÁRIO","RWA"
"943.02","RWA BANCÁRIO","RWA"
"944","ADICIONAL SISTÊMICO DE CAPITAL PRINCIPAL","RWA"
"950","MARGEM SOBRE O PATRIMÔNIO DE REFERÊNCIA REQUERIDO","RWA"
"950.01","AUXILIAR 1 PARA MARGEM DE PR REQUERIDO","RWA"
"950.02","AUXILIAR 2 PARA MARGEM DE PR REQUERIDO","RWA"
"950.03","AUXILIAR 3 PARA MARGEM DE PR REQUERIDO","RWA"
"951","MARGEM SOBRE O PATRIMÔNIO DE REFERÊNCIA NÍVEL I REQUERIDO","RWA"
"951.01","AUXILIAR 1 PARA MARGEM DE PR NÍVEL I REQUERIDO","RWA"
"951.02","AUXILIAR 2 PARA MARGEM DE PR NÍVEL I REQUERIDO","RWA"
"952","MARGEM SOBRE O CAPITAL PRINCIPAL REQUERIDO","RWA"
"953","MARGEM SOBRE O PR CONSIDERANDO A CAPITAL PARA COBERTURA DO RISCO DE TAXA DE JUROS DA CARTEIRA BANCÁRIA E O ACP","RWA"
"954","MARGEM DE CAPITAL PRINCIPAL APÓS PILAR 1 CONSIDERANDO O ADICIONAL DE CAPITAL PRINCIPAL","RWA"
"955","PERCENTUAL DE RESTRIÇÃO","RWA"
"956","MARGEM APÓS PILAR 2","RWA"
"957","DEFICIÊNCIA DE CAPITAL PRINCIPAL","RWA"
"958","DEFICIÊNCIA DE CAPITAL COMPLEMENTAR","RWA"
"959","DEFICIÊNCIA DE CAPITAL NÍVEL II","RWA"
"960","MARGEM OU INSUFICIÊNCIA PARA O LIMITE DE IMOBILIZAÇÃO (M/I)","RWA"
"970","MARGEM OU INSUFICIÊNCIA PARA O LIMITE DE CRÉDITO AO SETOR PÚBLICO","RWA"
"975","MARGEM OU INSUFICIÊNCIA PARA O FUNDO DE LIQUIDEZ DE AGÊNCIAS DE FOMENTO","RWA"
"980","MARGEM DO LIMITE PARA REALIZAÇÃO DE OPERAÇÕES COMPROMISSADAS","LOC"
"981","MARGEM DO LIMITE PARA REALIZAÇÃO DE OPERAÇÕES COMPROMISSADAS COM TÍTULOS PRIVADOS","LOC"
